time,price,volume,log_return
2010-02-01 09:30:00,262835.09689999995,962068.0,
2010-02-01 10:00:00,248725.1885999975,746646.0,-0.055178200798972864
2010-02-01 10:30:00,274984.05489999935,888287.0,0.1003644870614307
2010-02-01 11:00:00,191627.06150000298,598135.0,-0.36116201867872455
2010-02-01 11:30:00,120744.13479999927,368801.0,-0.4618773768569151
2010-02-01 12:00:00,85036.75749999988,278432.0,-0.3505901140770318
2010-02-01 12:30:00,109352.10289999984,343782.0,0.25148937365673846
2010-02-01 13:00:00,106055.92470000008,423000.0,-0.030606431353751795
2010-02-01 13:30:00,90570.64469999932,276374.0,-0.15783639588144274
2010-02-01 14:00:00,130308.04690000009,417795.0,0.36377108832661365
2010-02-01 14:30:00,109590.51949999994,328282.0,-0.17315036907911896
2010-02-01 15:00:00,125780.36069999916,386083.0,0.13778634695667014
2010-02-01 15:30:00,220600.7366000005,888984.0,0.5618172290723226
2010-02-01 16:00:00,212.175,197800.0,-6.946698319015475
2010-02-01 16:30:00,,,
2010-02-01 17:00:00,,,
2010-02-01 17:30:00,,,
2010-02-01 18:00:00,,,
2010-02-01 18:30:00,,,
2010-02-01 19:00:00,,,
2010-02-01 19:30:00,,,
2010-02-01 20:00:00,,,
2010-02-01 20:30:00,,,
2010-02-01 21:00:00,,,
2010-02-01 21:30:00,,,
2010-02-01 22:00:00,,,
2010-02-01 22:30:00,,,
2010-02-01 23:00:00,,,
2010-02-01 23:30:00,,,
2010-02-02 00:00:00,,,
2010-02-02 00:30:00,,,
2010-02-02 01:00:00,,,
2010-02-02 01:30:00,,,
2010-02-02 02:00:00,,,
2010-02-02 02:30:00,,,
2010-02-02 03:00:00,,,
2010-02-02 03:30:00,,,
2010-02-02 04:00:00,,,
2010-02-02 04:30:00,,,
2010-02-02 05:00:00,,,
2010-02-02 05:30:00,,,
2010-02-02 06:00:00,,,
2010-02-02 06:30:00,,,
2010-02-02 07:00:00,,,
2010-02-02 07:30:00,,,
2010-02-02 08:00:00,,,
2010-02-02 08:30:00,,,
2010-02-02 09:00:00,,,
2010-02-02 09:30:00,292658.90159999894,1025498.0,
2010-02-02 10:00:00,295273.9569999999,858871.0,0.008895820694704583
2010-02-02 10:30:00,222087.3636000009,727349.0,-0.284832759001776
2010-02-02 11:00:00,130166.3183000004,413146.0,-0.534257829893865
2010-02-02 11:30:00,117537.42079999966,393204.0,-0.10205624652016934
2010-02-02 12:00:00,110740.22850000033,314795.0,-0.0595695829910398
2010-02-02 12:30:00,86931.8582999994,253113.0,-0.24206260095196602
2010-02-02 13:00:00,86408.18890000015,246157.0,-0.00604212357850029
2010-02-02 13:30:00,133669.62159999955,452750.0,0.43628879487331557
2010-02-02 14:00:00,90560.47170000018,283514.0,-0.38935342198455003
2010-02-02 14:30:00,140346.95280000012,455575.0,0.43809976799377615
2010-02-02 15:00:00,206867.0213000001,652942.0,0.3879585865169355
2010-02-02 15:30:00,304592.2915999973,1181761.0,0.38689795585575165
2010-02-02 16:00:00,321.27700000000004,342812.0,-6.854425733121012
2010-02-02 16:30:00,,,
2010-02-02 17:00:00,,,
2010-02-02 17:30:00,,,
2010-02-02 18:00:00,,,
2010-02-02 18:30:00,,,
2010-02-02 19:00:00,,,
2010-02-02 19:30:00,,,
2010-02-02 20:00:00,,,
2010-02-02 20:30:00,,,
2010-02-02 21:00:00,,,
2010-02-02 21:30:00,,,
2010-02-02 22:00:00,,,
2010-02-02 22:30:00,,,
2010-02-02 23:00:00,,,
2010-02-02 23:30:00,,,
2010-02-03 00:00:00,,,
2010-02-03 00:30:00,,,
2010-02-03 01:00:00,,,
2010-02-03 01:30:00,,,
2010-02-03 02:00:00,,,
2010-02-03 02:30:00,,,
2010-02-03 03:00:00,,,
2010-02-03 03:30:00,,,
2010-02-03 04:00:00,,,
2010-02-03 04:30:00,,,
2010-02-03 05:00:00,,,
2010-02-03 05:30:00,,,
2010-02-03 06:00:00,,,
2010-02-03 06:30:00,,,
2010-02-03 07:00:00,,,
2010-02-03 07:30:00,,,
2010-02-03 08:00:00,,,
2010-02-03 08:30:00,,,
2010-02-03 09:00:00,,,
2010-02-03 09:30:00,215683.31390000085,827863.0,
2010-02-03 10:00:00,188069.55080000122,637741.0,-0.13699934701957708
2010-02-03 10:30:00,159176.8834999992,478660.0,-0.1667957867573572
2010-02-03 11:00:00,204876.96500000055,692275.0,0.2523935695107495
2010-02-03 11:30:00,138742.31209999978,780680.0,-0.3897912854289978
2010-02-03 12:00:00,114731.84550000126,422486.0,-0.19002071552920713
2010-02-03 12:30:00,80919.03909999963,240857.0,-0.34914848973596846
2010-02-03 13:00:00,137101.28699999972,482588.0,0.5272708362947576
2010-02-03 13:30:00,88897.81300000063,254760.0,-0.43323243229039127
2010-02-03 14:00:00,98324.49639999952,316636.0,0.10078565497242097
2010-02-03 14:30:00,91973.53479999982,316906.0,-0.06677232606669797
2010-02-03 15:00:00,110439.49089999845,361189.0,0.18296690686039613
2010-02-03 15:30:00,191115.56189999872,643293.0,0.5484105039032477
2010-02-03 16:00:00,373.5108,103000.0,-6.2376866403763795
2010-02-03 16:30:00,,,
2010-02-03 17:00:00,,,
2010-02-03 17:30:00,,,
2010-02-03 18:00:00,,,
2010-02-03 18:30:00,,,
2010-02-03 19:00:00,,,
2010-02-03 19:30:00,,,
2010-02-03 20:00:00,,,
2010-02-03 20:30:00,,,
2010-02-03 21:00:00,,,
2010-02-03 21:30:00,,,
2010-02-03 22:00:00,,,
2010-02-03 22:30:00,,,
2010-02-03 23:00:00,,,
2010-02-03 23:30:00,,,
2010-02-04 00:00:00,,,
2010-02-04 00:30:00,,,
2010-02-04 01:00:00,,,
2010-02-04 01:30:00,,,
2010-02-04 02:00:00,,,
2010-02-04 02:30:00,,,
2010-02-04 03:00:00,,,
2010-02-04 03:30:00,,,
2010-02-04 04:00:00,,,
2010-02-04 04:30:00,,,
2010-02-04 05:00:00,,,
2010-02-04 05:30:00,,,
2010-02-04 06:00:00,,,
2010-02-04 06:30:00,,,
2010-02-04 07:00:00,,,
2010-02-04 07:30:00,,,
2010-02-04 08:00:00,,,
2010-02-04 08:30:00,,,
2010-02-04 09:00:00,,,
2010-02-04 09:30:00,475633.2136999951,1818249.0,
2010-02-04 10:00:00,337944.3385999989,1129569.0,-0.3417657945203293
2010-02-04 10:30:00,240461.57850000096,777249.0,-0.34032088319717185
2010-02-04 11:00:00,213023.40750000053,681226.0,-0.12115826598891197
2010-02-04 11:30:00,210542.35479999965,671581.0,-0.011715210704048303
2010-02-04 12:00:00,133310.28019999995,428340.0,-0.45700749834242976
2010-02-04 12:30:00,172697.5632000003,669443.0,0.2588625300445131
2010-02-04 13:00:00,116155.54139999935,468095.0,-0.39661170796035505
2010-02-04 13:30:00,169115.0074999995,570966.0,0.3756488341519804
2010-02-04 14:00:00,242238.85730000006,782040.0,0.35934525178802734
2010-02-04 14:30:00,174782.52159999814,691789.0,-0.32638178564004444
2010-02-04 15:00:00,244315.053099996,919344.0,0.3349161262639312
2010-02-04 15:30:00,408734.3855999896,1739134.0,0.5146069274755568
2010-02-04 16:00:00,308.50000000000006,1605.0,-7.189098956751507
2010-02-04 16:30:00,,,
2010-02-04 17:00:00,,,
2010-02-04 17:30:00,,,
2010-02-04 18:00:00,,,
2010-02-04 18:30:00,,,
2010-02-04 19:00:00,,,
2010-02-04 19:30:00,,,
2010-02-04 20:00:00,,,
2010-02-04 20:30:00,,,
2010-02-04 21:00:00,,,
2010-02-04 21:30:00,,,
2010-02-04 22:00:00,,,
2010-02-04 22:30:00,,,
2010-02-04 23:00:00,,,
2010-02-04 23:30:00,,,
2010-02-05 00:00:00,,,
2010-02-05 00:30:00,,,
2010-02-05 01:00:00,,,
2010-02-05 01:30:00,,,
2010-02-05 02:00:00,,,
2010-02-05 02:30:00,,,
2010-02-05 03:00:00,,,
2010-02-05 03:30:00,,,
2010-02-05 04:00:00,,,
2010-02-05 04:30:00,,,
2010-02-05 05:00:00,,,
2010-02-05 05:30:00,,,
2010-02-05 06:00:00,,,
2010-02-05 06:30:00,,,
2010-02-05 07:00:00,,,
2010-02-05 07:30:00,,,
2010-02-05 08:00:00,,,
2010-02-05 08:30:00,,,
2010-02-05 09:00:00,,,
2010-02-05 09:30:00,571250.302700009,2238384.0,
2010-02-05 10:00:00,487933.1794000005,1745966.0,-0.1576490030801691
2010-02-05 10:30:00,285198.08859999885,856269.0,-0.5369944824645673
2010-02-05 11:00:00,196898.43599999874,651253.0,-0.3704959440589517
2010-02-05 11:30:00,276749.2156000001,815459.0,0.34042369476252743
2010-02-05 12:00:00,170593.12769999928,586822.0,-0.4838303861299378
2010-02-05 12:30:00,165149.99519999966,550124.0,-0.03242722835547302
2010-02-05 13:00:00,175119.04009999862,594267.0,0.058611849043073705
2010-02-05 13:30:00,281109.6131000009,1128458.0,0.4732787036624874
2010-02-05 14:00:00,284676.73359999864,1197877.0,0.01260959295172197
2010-02-05 14:30:00,283733.822999998,1089457.0,-0.0033177127129462507
2010-02-05 15:00:00,452397.27880000486,1513725.0,0.4665241734762935
2010-02-05 15:30:00,586710.9162999886,2260580.0,0.25997149283813153
2010-02-05 16:00:00,258.5629,1000.0,-7.727148509778029
2010-02-05 16:30:00,,,
2010-02-05 17:00:00,,,
2010-02-05 17:30:00,,,
2010-02-05 18:00:00,,,
2010-02-05 18:30:00,,,
2010-02-05 19:00:00,,,
2010-02-05 19:30:00,,,
2010-02-05 20:00:00,,,
2010-02-05 20:30:00,,,
2010-02-05 21:00:00,,,
2010-02-05 21:30:00,,,
2010-02-05 22:00:00,,,
2010-02-05 22:30:00,,,
2010-02-05 23:00:00,,,
2010-02-05 23:30:00,,,
2010-02-06 00:00:00,,,
2010-02-06 00:30:00,,,
2010-02-06 01:00:00,,,
2010-02-06 01:30:00,,,
2010-02-06 02:00:00,,,
2010-02-06 02:30:00,,,
2010-02-06 03:00:00,,,
2010-02-06 03:30:00,,,
2010-02-06 04:00:00,,,
2010-02-06 04:30:00,,,
2010-02-06 05:00:00,,,
2010-02-06 05:30:00,,,
2010-02-06 06:00:00,,,
2010-02-06 06:30:00,,,
2010-02-06 07:00:00,,,
2010-02-06 07:30:00,,,
2010-02-06 08:00:00,,,
2010-02-06 08:30:00,,,
2010-02-06 09:00:00,,,
2010-02-06 09:30:00,,,
2010-02-06 10:00:00,,,
2010-02-06 10:30:00,,,
2010-02-06 11:00:00,,,
2010-02-06 11:30:00,,,
2010-02-06 12:00:00,,,
2010-02-06 12:30:00,,,
2010-02-06 13:00:00,,,
2010-02-06 13:30:00,,,
2010-02-06 14:00:00,,,
2010-02-06 14:30:00,,,
2010-02-06 15:00:00,,,
2010-02-06 15:30:00,,,
2010-02-06 16:00:00,,,
2010-02-06 16:30:00,,,
2010-02-06 17:00:00,,,
2010-02-06 17:30:00,,,
2010-02-06 18:00:00,,,
2010-02-06 18:30:00,,,
2010-02-06 19:00:00,,,
2010-02-06 19:30:00,,,
2010-02-06 20:00:00,,,
2010-02-06 20:30:00,,,
2010-02-06 21:00:00,,,
2010-02-06 21:30:00,,,
2010-02-06 22:00:00,,,
2010-02-06 22:30:00,,,
2010-02-06 23:00:00,,,
2010-02-06 23:30:00,,,
2010-02-07 00:00:00,,,
2010-02-07 00:30:00,,,
2010-02-07 01:00:00,,,
2010-02-07 01:30:00,,,
2010-02-07 02:00:00,,,
2010-02-07 02:30:00,,,
2010-02-07 03:00:00,,,
2010-02-07 03:30:00,,,
2010-02-07 04:00:00,,,
2010-02-07 04:30:00,,,
2010-02-07 05:00:00,,,
2010-02-07 05:30:00,,,
2010-02-07 06:00:00,,,
2010-02-07 06:30:00,,,
2010-02-07 07:00:00,,,
2010-02-07 07:30:00,,,
2010-02-07 08:00:00,,,
2010-02-07 08:30:00,,,
2010-02-07 09:00:00,,,
2010-02-07 09:30:00,,,
2010-02-07 10:00:00,,,
2010-02-07 10:30:00,,,
2010-02-07 11:00:00,,,
2010-02-07 11:30:00,,,
2010-02-07 12:00:00,,,
2010-02-07 12:30:00,,,
2010-02-07 13:00:00,,,
2010-02-07 13:30:00,,,
2010-02-07 14:00:00,,,
2010-02-07 14:30:00,,,
2010-02-07 15:00:00,,,
2010-02-07 15:30:00,,,
2010-02-07 16:00:00,,,
2010-02-07 16:30:00,,,
2010-02-07 17:00:00,,,
2010-02-07 17:30:00,,,
2010-02-07 18:00:00,,,
2010-02-07 18:30:00,,,
2010-02-07 19:00:00,,,
2010-02-07 19:30:00,,,
2010-02-07 20:00:00,,,
2010-02-07 20:30:00,,,
2010-02-07 21:00:00,,,
2010-02-07 21:30:00,,,
2010-02-07 22:00:00,,,
2010-02-07 22:30:00,,,
2010-02-07 23:00:00,,,
2010-02-07 23:30:00,,,
2010-02-08 00:00:00,,,
2010-02-08 00:30:00,,,
2010-02-08 01:00:00,,,
2010-02-08 01:30:00,,,
2010-02-08 02:00:00,,,
2010-02-08 02:30:00,,,
2010-02-08 03:00:00,,,
2010-02-08 03:30:00,,,
2010-02-08 04:00:00,,,
2010-02-08 04:30:00,,,
2010-02-08 05:00:00,,,
2010-02-08 05:30:00,,,
2010-02-08 06:00:00,,,
2010-02-08 06:30:00,,,
2010-02-08 07:00:00,,,
2010-02-08 07:30:00,,,
2010-02-08 08:00:00,,,
2010-02-08 08:30:00,,,
2010-02-08 09:00:00,,,
2010-02-08 09:30:00,456241.7287000028,1769957.0,
2010-02-08 10:00:00,390635.3941999948,1466118.0,-0.15524814656702954
2010-02-08 10:30:00,207906.44749999794,684486.0,-0.6306864223995434
2010-02-08 11:00:00,165677.31649999856,579560.0,-0.22704618681850547
2010-02-08 11:30:00,120496.08890000031,430993.0,-0.3184247249280334
2010-02-08 12:00:00,96413.35530000085,330980.0,-0.22297256266545556
2010-02-08 12:30:00,66016.37329999977,220153.0,-0.3787419409144751
2010-02-08 13:00:00,153453.8670000008,558188.0,0.8434971895766104
2010-02-08 13:30:00,111289.5159000005,381160.0,-0.3212649240600218
2010-02-08 14:00:00,71284.90560000006,254618.0,-0.4454504547359289
2010-02-08 14:30:00,88124.64950000004,278569.0,0.21206768147627714
2010-02-08 15:00:00,160964.8272000008,555754.0,0.6024335927017693
2010-02-08 15:30:00,270481.9465999986,933014.0,0.5190194786876556
2010-02-08 16:00:00,152.36,139900.0,-7.481714492580718
2010-02-08 16:30:00,,,
2010-02-08 17:00:00,,,
2010-02-08 17:30:00,,,
2010-02-08 18:00:00,,,
2010-02-08 18:30:00,,,
2010-02-08 19:00:00,,,
2010-02-08 19:30:00,,,
2010-02-08 20:00:00,,,
2010-02-08 20:30:00,,,
2010-02-08 21:00:00,,,
2010-02-08 21:30:00,,,
2010-02-08 22:00:00,,,
2010-02-08 22:30:00,,,
2010-02-08 23:00:00,,,
2010-02-08 23:30:00,,,
2010-02-09 00:00:00,,,
2010-02-09 00:30:00,,,
2010-02-09 01:00:00,,,
2010-02-09 01:30:00,,,
2010-02-09 02:00:00,,,
2010-02-09 02:30:00,,,
2010-02-09 03:00:00,,,
2010-02-09 03:30:00,,,
2010-02-09 04:00:00,,,
2010-02-09 04:30:00,,,
2010-02-09 05:00:00,,,
2010-02-09 05:30:00,,,
2010-02-09 06:00:00,,,
2010-02-09 06:30:00,,,
2010-02-09 07:00:00,,,
2010-02-09 07:30:00,,,
2010-02-09 08:00:00,,,
2010-02-09 08:30:00,,,
2010-02-09 09:00:00,,,
2010-02-09 09:30:00,628796.2305999696,2389818.0,
2010-02-09 10:00:00,385517.7301999998,1265535.0,-0.4892200618216498
2010-02-09 10:30:00,304752.7258999992,988678.0,-0.23508647165230342
2010-02-09 11:00:00,356085.2151000027,1087627.0,0.15566935743630203
2010-02-09 11:30:00,526439.8176000029,2519456.0,0.3909669480213828
2010-02-09 12:00:00,318284.23579999886,1057760.0,-0.5031922116593714
2010-02-09 12:30:00,375523.0143000038,1125638.0,0.16537495224459806
2010-02-09 13:00:00,227281.83039999934,726281.0,-0.5021289680572757
2010-02-09 13:30:00,156106.1824999992,458701.0,-0.3756543582569237
2010-02-09 14:00:00,123748.70029999992,376906.0,-0.23228353399148094
2010-02-09 14:30:00,186568.27580000024,614422.0,0.41054436340229367
2010-02-09 15:00:00,268085.90909999784,1041672.0,0.3625102233172475
2010-02-09 15:30:00,395705.35379999626,1578241.0,0.389362392759845
2010-02-09 16:00:00,214.156,187247.0,-7.521720435815445
2010-02-09 16:30:00,,,
2010-02-09 17:00:00,,,
2010-02-09 17:30:00,,,
2010-02-09 18:00:00,,,
2010-02-09 18:30:00,,,
2010-02-09 19:00:00,,,
2010-02-09 19:30:00,,,
2010-02-09 20:00:00,,,
2010-02-09 20:30:00,,,
2010-02-09 21:00:00,,,
2010-02-09 21:30:00,,,
2010-02-09 22:00:00,,,
2010-02-09 22:30:00,,,
2010-02-09 23:00:00,,,
2010-02-09 23:30:00,,,
2010-02-10 00:00:00,,,
2010-02-10 00:30:00,,,
2010-02-10 01:00:00,,,
2010-02-10 01:30:00,,,
2010-02-10 02:00:00,,,
2010-02-10 02:30:00,,,
2010-02-10 03:00:00,,,
2010-02-10 03:30:00,,,
2010-02-10 04:00:00,,,
2010-02-10 04:30:00,,,
2010-02-10 05:00:00,,,
2010-02-10 05:30:00,,,
2010-02-10 06:00:00,,,
2010-02-10 06:30:00,,,
2010-02-10 07:00:00,,,
2010-02-10 07:30:00,,,
2010-02-10 08:00:00,,,
2010-02-10 08:30:00,,,
2010-02-10 09:00:00,,,
2010-02-10 09:30:00,345616.6429999956,1336770.0,
2010-02-10 10:00:00,336125.5506999964,1344839.0,-0.027845439632833386
2010-02-10 10:30:00,207899.17210000145,720809.0,-0.48043154031319235
2010-02-10 11:00:00,167752.33800000008,553975.0,-0.21456449949154074
2010-02-10 11:30:00,123603.34499999935,381671.0,-0.30541110539734034
2010-02-10 12:00:00,134780.40370000055,416482.0,0.08656920700092832
2010-02-10 12:30:00,152426.5494000008,535405.0,0.1230360219762915
2010-02-10 13:00:00,150974.7302,477974.0,-0.009570363599869961
2010-02-10 13:30:00,145722.86749999874,434489.0,-0.03540582304491313
2010-02-10 14:00:00,121933.8853999996,398925.0,-0.17822767520749958
2010-02-10 14:30:00,148945.4409000005,427500.0,0.20010109554392877
2010-02-10 15:00:00,117764.1144000001,366720.0,-0.23489647720413298
2010-02-10 15:30:00,276827.47059999866,919985.0,0.8547108690873947
2010-02-10 16:00:00,159.3681,1056.0,-7.4599331204406205
2010-02-10 16:30:00,,,
2010-02-10 17:00:00,,,
2010-02-10 17:30:00,,,
2010-02-10 18:00:00,,,
2010-02-10 18:30:00,,,
2010-02-10 19:00:00,,,
2010-02-10 19:30:00,,,
2010-02-10 20:00:00,,,
2010-02-10 20:30:00,,,
2010-02-10 21:00:00,,,
2010-02-10 21:30:00,,,
2010-02-10 22:00:00,,,
2010-02-10 22:30:00,,,
2010-02-10 23:00:00,,,
2010-02-10 23:30:00,,,
2010-02-11 00:00:00,,,
2010-02-11 00:30:00,,,
2010-02-11 01:00:00,,,
2010-02-11 01:30:00,,,
2010-02-11 02:00:00,,,
2010-02-11 02:30:00,,,
2010-02-11 03:00:00,,,
2010-02-11 03:30:00,,,
2010-02-11 04:00:00,,,
2010-02-11 04:30:00,,,
2010-02-11 05:00:00,,,
2010-02-11 05:30:00,,,
2010-02-11 06:00:00,,,
2010-02-11 06:30:00,,,
2010-02-11 07:00:00,,,
2010-02-11 07:30:00,,,
2010-02-11 08:00:00,,,
2010-02-11 08:30:00,,,
2010-02-11 09:00:00,,,
2010-02-11 09:30:00,256761.69880000094,845609.0,
2010-02-11 10:00:00,241562.92419999882,784493.0,-0.06101841786960188
2010-02-11 10:30:00,244715.55029999968,821074.0,0.012966522008689207
2010-02-11 11:00:00,234912.83020000052,978241.0,-0.04088200684466454
2010-02-11 11:30:00,331328.2033000062,1145038.0,0.3438949248591431
2010-02-11 12:00:00,343668.3104000022,1443747.0,0.036567543395981186
2010-02-11 12:30:00,356082.87120000034,1490545.0,0.03548650976502681
2010-02-11 13:00:00,297744.6262999935,1271880.0,-0.17892732765013014
2010-02-11 13:30:00,370388.01559998974,1635358.0,0.21831498657546602
2010-02-11 14:00:00,256480.72139999745,967731.0,-0.36749764540475205
2010-02-11 14:30:00,326103.5324000013,1378619.0,0.24016141344442765
2010-02-11 15:00:00,275403.9610000044,1127776.0,-0.16897594608946245
2010-02-11 15:30:00,477927.65050002007,2231878.0,0.5512203933418004
2010-02-11 16:00:00,392.9501,204546.0,-7.103532009433672
2010-02-11 16:30:00,,,
2010-02-11 17:00:00,,,
2010-02-11 17:30:00,,,
2010-02-11 18:00:00,,,
2010-02-11 18:30:00,,,
2010-02-11 19:00:00,,,
2010-02-11 19:30:00,,,
2010-02-11 20:00:00,,,
2010-02-11 20:30:00,,,
2010-02-11 21:00:00,,,
2010-02-11 21:30:00,,,
2010-02-11 22:00:00,,,
2010-02-11 22:30:00,,,
2010-02-11 23:00:00,,,
2010-02-11 23:30:00,,,
2010-02-12 00:00:00,,,
2010-02-12 00:30:00,,,
2010-02-12 01:00:00,,,
2010-02-12 01:30:00,,,
2010-02-12 02:00:00,,,
2010-02-12 02:30:00,,,
2010-02-12 03:00:00,,,
2010-02-12 03:30:00,,,
2010-02-12 04:00:00,,,
2010-02-12 04:30:00,,,
2010-02-12 05:00:00,,,
2010-02-12 05:30:00,,,
2010-02-12 06:00:00,,,
2010-02-12 06:30:00,,,
2010-02-12 07:00:00,,,
2010-02-12 07:30:00,,,
2010-02-12 08:00:00,,,
2010-02-12 08:30:00,,,
2010-02-12 09:00:00,,,
2010-02-12 09:30:00,678789.3911000369,2573400.0,
2010-02-12 10:00:00,447827.1417999977,1457731.0,-0.4159035905725186
2010-02-12 10:30:00,301058.5943999995,998346.0,-0.3971024021768459
2010-02-12 11:00:00,233204.60780000055,754969.0,-0.25538869829840155
2010-02-12 11:30:00,156267.1646999995,487551.0,-0.4003490766232887
2010-02-12 12:00:00,329004.50899999996,1146914.0,0.74450431917564
2010-02-12 12:30:00,190723.90279999844,584605.0,-0.5452446086643166
2010-02-12 13:00:00,206389.25209999876,677319.0,0.07893711191831951
2010-02-12 13:30:00,200488.64980000048,729262.0,-0.029006323424692768
2010-02-12 14:00:00,226688.57430000225,714323.0,0.12281952048720368
2010-02-12 14:30:00,176650.84779999932,531638.0,-0.24940198304081948
2010-02-12 15:00:00,209327.585300001,625174.0,0.16972524555080915
2010-02-12 15:30:00,383300.54519999877,1482998.0,0.6049189761049164
2010-02-12 16:00:00,506.15999999999997,9470.0,-6.629721848913558
2010-02-12 16:30:00,,,
2010-02-12 17:00:00,,,
2010-02-12 17:30:00,,,
2010-02-12 18:00:00,,,
2010-02-12 18:30:00,,,
2010-02-12 19:00:00,,,
2010-02-12 19:30:00,,,
2010-02-12 20:00:00,,,
2010-02-12 20:30:00,,,
2010-02-12 21:00:00,,,
2010-02-12 21:30:00,,,
2010-02-12 22:00:00,,,
2010-02-12 22:30:00,,,
2010-02-12 23:00:00,,,
2010-02-12 23:30:00,,,
2010-02-13 00:00:00,,,
2010-02-13 00:30:00,,,
2010-02-13 01:00:00,,,
2010-02-13 01:30:00,,,
2010-02-13 02:00:00,,,
2010-02-13 02:30:00,,,
2010-02-13 03:00:00,,,
2010-02-13 03:30:00,,,
2010-02-13 04:00:00,,,
2010-02-13 04:30:00,,,
2010-02-13 05:00:00,,,
2010-02-13 05:30:00,,,
2010-02-13 06:00:00,,,
2010-02-13 06:30:00,,,
2010-02-13 07:00:00,,,
2010-02-13 07:30:00,,,
2010-02-13 08:00:00,,,
2010-02-13 08:30:00,,,
2010-02-13 09:00:00,,,
2010-02-13 09:30:00,,,
2010-02-13 10:00:00,,,
2010-02-13 10:30:00,,,
2010-02-13 11:00:00,,,
2010-02-13 11:30:00,,,
2010-02-13 12:00:00,,,
2010-02-13 12:30:00,,,
2010-02-13 13:00:00,,,
2010-02-13 13:30:00,,,
2010-02-13 14:00:00,,,
2010-02-13 14:30:00,,,
2010-02-13 15:00:00,,,
2010-02-13 15:30:00,,,
2010-02-13 16:00:00,,,
2010-02-13 16:30:00,,,
2010-02-13 17:00:00,,,
2010-02-13 17:30:00,,,
2010-02-13 18:00:00,,,
2010-02-13 18:30:00,,,
2010-02-13 19:00:00,,,
2010-02-13 19:30:00,,,
2010-02-13 20:00:00,,,
2010-02-13 20:30:00,,,
2010-02-13 21:00:00,,,
2010-02-13 21:30:00,,,
2010-02-13 22:00:00,,,
2010-02-13 22:30:00,,,
2010-02-13 23:00:00,,,
2010-02-13 23:30:00,,,
2010-02-14 00:00:00,,,
2010-02-14 00:30:00,,,
2010-02-14 01:00:00,,,
2010-02-14 01:30:00,,,
2010-02-14 02:00:00,,,
2010-02-14 02:30:00,,,
2010-02-14 03:00:00,,,
2010-02-14 03:30:00,,,
2010-02-14 04:00:00,,,
2010-02-14 04:30:00,,,
2010-02-14 05:00:00,,,
2010-02-14 05:30:00,,,
2010-02-14 06:00:00,,,
2010-02-14 06:30:00,,,
2010-02-14 07:00:00,,,
2010-02-14 07:30:00,,,
2010-02-14 08:00:00,,,
2010-02-14 08:30:00,,,
2010-02-14 09:00:00,,,
2010-02-14 09:30:00,,,
2010-02-14 10:00:00,,,
2010-02-14 10:30:00,,,
2010-02-14 11:00:00,,,
2010-02-14 11:30:00,,,
2010-02-14 12:00:00,,,
2010-02-14 12:30:00,,,
2010-02-14 13:00:00,,,
2010-02-14 13:30:00,,,
2010-02-14 14:00:00,,,
2010-02-14 14:30:00,,,
2010-02-14 15:00:00,,,
2010-02-14 15:30:00,,,
2010-02-14 16:00:00,,,
2010-02-14 16:30:00,,,
2010-02-14 17:00:00,,,
2010-02-14 17:30:00,,,
2010-02-14 18:00:00,,,
2010-02-14 18:30:00,,,
2010-02-14 19:00:00,,,
2010-02-14 19:30:00,,,
2010-02-14 20:00:00,,,
2010-02-14 20:30:00,,,
2010-02-14 21:00:00,,,
2010-02-14 21:30:00,,,
2010-02-14 22:00:00,,,
2010-02-14 22:30:00,,,
2010-02-14 23:00:00,,,
2010-02-14 23:30:00,,,
2010-02-15 00:00:00,,,
2010-02-15 00:30:00,,,
2010-02-15 01:00:00,,,
2010-02-15 01:30:00,,,
2010-02-15 02:00:00,,,
2010-02-15 02:30:00,,,
2010-02-15 03:00:00,,,
2010-02-15 03:30:00,,,
2010-02-15 04:00:00,,,
2010-02-15 04:30:00,,,
2010-02-15 05:00:00,,,
2010-02-15 05:30:00,,,
2010-02-15 06:00:00,,,
2010-02-15 06:30:00,,,
2010-02-15 07:00:00,,,
2010-02-15 07:30:00,,,
2010-02-15 08:00:00,,,
2010-02-15 08:30:00,,,
2010-02-15 09:00:00,,,
2010-02-15 09:30:00,,,
2010-02-15 10:00:00,,,
2010-02-15 10:30:00,,,
2010-02-15 11:00:00,,,
2010-02-15 11:30:00,,,
2010-02-15 12:00:00,,,
2010-02-15 12:30:00,,,
2010-02-15 13:00:00,,,
2010-02-15 13:30:00,,,
2010-02-15 14:00:00,,,
2010-02-15 14:30:00,,,
2010-02-15 15:00:00,,,
2010-02-15 15:30:00,,,
2010-02-15 16:00:00,,,
2010-02-15 16:30:00,,,
2010-02-15 17:00:00,,,
2010-02-15 17:30:00,,,
2010-02-15 18:00:00,,,
2010-02-15 18:30:00,,,
2010-02-15 19:00:00,,,
2010-02-15 19:30:00,,,
2010-02-15 20:00:00,,,
2010-02-15 20:30:00,,,
2010-02-15 21:00:00,,,
2010-02-15 21:30:00,,,
2010-02-15 22:00:00,,,
2010-02-15 22:30:00,,,
2010-02-15 23:00:00,,,
2010-02-15 23:30:00,,,
2010-02-16 00:00:00,,,
2010-02-16 00:30:00,,,
2010-02-16 01:00:00,,,
2010-02-16 01:30:00,,,
2010-02-16 02:00:00,,,
2010-02-16 02:30:00,,,
2010-02-16 03:00:00,,,
2010-02-16 03:30:00,,,
2010-02-16 04:00:00,,,
2010-02-16 04:30:00,,,
2010-02-16 05:00:00,,,
2010-02-16 05:30:00,,,
2010-02-16 06:00:00,,,
2010-02-16 06:30:00,,,
2010-02-16 07:00:00,,,
2010-02-16 07:30:00,,,
2010-02-16 08:00:00,,,
2010-02-16 08:30:00,,,
2010-02-16 09:00:00,,,
2010-02-16 09:30:00,361342.7149000002,1256652.0,
2010-02-16 10:00:00,193064.39810000148,576189.0,-0.6268030545780987
2010-02-16 10:30:00,193166.16119999962,570848.0,0.0005269552079846486
2010-02-16 11:00:00,130252.46119999941,436757.0,-0.3940761809454684
2010-02-16 11:30:00,159207.3387000011,533557.0,0.20073279328541285
2010-02-16 12:00:00,100197.72610000013,321442.0,-0.46306187492916046
2010-02-16 12:30:00,79755.11519999972,241813.0,-0.22818461473357537
2010-02-16 13:00:00,104856.87029999962,293578.0,0.2736354001901073
2010-02-16 13:30:00,100813.99910000026,326140.0,-0.03931905428235992
2010-02-16 14:00:00,77149.65380000012,322871.0,-0.26753013451783764
2010-02-16 14:30:00,114747.4376000003,390644.0,0.39698642697128644
2010-02-16 15:00:00,129302.14619999912,385400.0,0.11941836583983008
2010-02-16 15:30:00,332685.6063000026,1416373.0,0.9450460345403466
2010-02-16 16:00:00,456.83810000000005,4688.0,-6.590624136602005
2010-02-16 16:30:00,,,
2010-02-16 17:00:00,,,
2010-02-16 17:30:00,,,
2010-02-16 18:00:00,,,
2010-02-16 18:30:00,,,
2010-02-16 19:00:00,,,
2010-02-16 19:30:00,,,
2010-02-16 20:00:00,,,
2010-02-16 20:30:00,,,
2010-02-16 21:00:00,,,
2010-02-16 21:30:00,,,
2010-02-16 22:00:00,,,
2010-02-16 22:30:00,,,
2010-02-16 23:00:00,,,
2010-02-16 23:30:00,,,
2010-02-17 00:00:00,,,
2010-02-17 00:30:00,,,
2010-02-17 01:00:00,,,
2010-02-17 01:30:00,,,
2010-02-17 02:00:00,,,
2010-02-17 02:30:00,,,
2010-02-17 03:00:00,,,
2010-02-17 03:30:00,,,
2010-02-17 04:00:00,,,
2010-02-17 04:30:00,,,
2010-02-17 05:00:00,,,
2010-02-17 05:30:00,,,
2010-02-17 06:00:00,,,
2010-02-17 06:30:00,,,
2010-02-17 07:00:00,,,
2010-02-17 07:30:00,,,
2010-02-17 08:00:00,,,
2010-02-17 08:30:00,,,
2010-02-17 09:00:00,,,
2010-02-17 09:30:00,481522.11010000785,1667357.0,
2010-02-17 10:00:00,268775.7423999997,754567.0,-0.5830747888656062
2010-02-17 10:30:00,252993.45550000077,786149.0,-0.060513739725116644
2010-02-17 11:00:00,186742.52090000192,542741.0,-0.3036328463212996
2010-02-17 11:30:00,149107.06319999992,474483.0,-0.22506618160065525
2010-02-17 12:00:00,128015.86290000002,394353.0,-0.1525104077347489
2010-02-17 12:30:00,90200.35550000009,301556.0,-0.3501208168448174
2010-02-17 13:00:00,104546.34130000004,304402.0,0.14759706222045615
2010-02-17 13:30:00,92864.0467000002,263951.0,-0.11849387037541459
2010-02-17 14:00:00,192813.97249999698,602760.0,0.7305892908759892
2010-02-17 14:30:00,115005.00689999973,333854.0,-0.5167501853471737
2010-02-17 15:00:00,126516.16320000132,392458.0,0.09539440666105738
2010-02-17 15:30:00,291909.12200000184,1165818.0,0.8360724554626077
2010-02-17 16:00:00,746.9699999999998,355831.0,-5.96817278309837
2010-02-17 16:30:00,,,
2010-02-17 17:00:00,,,
2010-02-17 17:30:00,,,
2010-02-17 18:00:00,,,
2010-02-17 18:30:00,,,
2010-02-17 19:00:00,,,
2010-02-17 19:30:00,,,
2010-02-17 20:00:00,,,
2010-02-17 20:30:00,,,
2010-02-17 21:00:00,,,
2010-02-17 21:30:00,,,
2010-02-17 22:00:00,,,
2010-02-17 22:30:00,,,
2010-02-17 23:00:00,,,
2010-02-17 23:30:00,,,
2010-02-18 00:00:00,,,
2010-02-18 00:30:00,,,
2010-02-18 01:00:00,,,
2010-02-18 01:30:00,,,
2010-02-18 02:00:00,,,
2010-02-18 02:30:00,,,
2010-02-18 03:00:00,,,
2010-02-18 03:30:00,,,
2010-02-18 04:00:00,,,
2010-02-18 04:30:00,,,
2010-02-18 05:00:00,,,
2010-02-18 05:30:00,,,
2010-02-18 06:00:00,,,
2010-02-18 06:30:00,,,
2010-02-18 07:00:00,,,
2010-02-18 07:30:00,,,
2010-02-18 08:00:00,,,
2010-02-18 08:30:00,,,
2010-02-18 09:00:00,,,
2010-02-18 09:30:00,349568.31669999886,1254867.0,
2010-02-18 10:00:00,268392.032500002,794003.0,-0.264250292900612
2010-02-18 10:30:00,151251.62770000048,446047.0,-0.5735038609795945
2010-02-18 11:00:00,113785.52629999981,334621.0,-0.2846295303154673
2010-02-18 11:30:00,148181.8204999985,406920.0,0.2641247084561259
2010-02-18 12:00:00,75100.45059999997,199531.0,-0.6796134778945102
2010-02-18 12:30:00,82899.17980000067,286390.0,0.09879860949221453
2010-02-18 13:00:00,57098.71140000002,321627.0,-0.3728436192625557
2010-02-18 13:30:00,82775.02450000035,295479.0,0.3713448304346095
2010-02-18 14:00:00,134033.5640999997,428477.0,0.4819638675282943
2010-02-18 14:30:00,132249.6396000001,412853.0,-0.013398901351731924
2010-02-18 15:00:00,131219.6988999999,426195.0,-0.007818336298543949
2010-02-18 15:30:00,247761.12209999727,956202.0,0.6355920553399628
2010-02-18 16:00:00,231.3376,1200.0,-6.976342228143831
2010-02-18 16:30:00,,,
2010-02-18 17:00:00,,,
2010-02-18 17:30:00,,,
2010-02-18 18:00:00,,,
2010-02-18 18:30:00,,,
2010-02-18 19:00:00,,,
2010-02-18 19:30:00,,,
2010-02-18 20:00:00,,,
2010-02-18 20:30:00,,,
2010-02-18 21:00:00,,,
2010-02-18 21:30:00,,,
2010-02-18 22:00:00,,,
2010-02-18 22:30:00,,,
2010-02-18 23:00:00,,,
2010-02-18 23:30:00,,,
2010-02-19 00:00:00,,,
2010-02-19 00:30:00,,,
2010-02-19 01:00:00,,,
2010-02-19 01:30:00,,,
2010-02-19 02:00:00,,,
2010-02-19 02:30:00,,,
2010-02-19 03:00:00,,,
2010-02-19 03:30:00,,,
2010-02-19 04:00:00,,,
2010-02-19 04:30:00,,,
2010-02-19 05:00:00,,,
2010-02-19 05:30:00,,,
2010-02-19 06:00:00,,,
2010-02-19 06:30:00,,,
2010-02-19 07:00:00,,,
2010-02-19 07:30:00,,,
2010-02-19 08:00:00,,,
2010-02-19 08:30:00,,,
2010-02-19 09:00:00,,,
2010-02-19 09:30:00,296661.025899997,1454876.0,
2010-02-19 10:00:00,193983.45230000053,587605.0,-0.4248173020544576
2010-02-19 10:30:00,115656.78300000145,356081.0,-0.517145819942602
2010-02-19 11:00:00,138094.6218000008,413343.0,0.17731207735358712
2010-02-19 11:30:00,133443.48689999923,426435.0,-0.03426104629925359
2010-02-19 12:00:00,156715.69059999925,490794.0,0.16075520669619134
2010-02-19 12:30:00,76427.36579999982,237230.0,-0.7180924526737097
2010-02-19 13:00:00,132927.23819999973,408490.0,0.5534610741783886
2010-02-19 13:30:00,124860.02750000011,397222.0,-0.06260856743496937
2010-02-19 14:00:00,130014.53009999964,403636.0,0.04045288432952751
2010-02-19 14:30:00,166453.76990000214,508549.0,0.24707139839828363
2010-02-19 15:00:00,175505.20470000117,580723.0,0.05295108626837878
2010-02-19 15:30:00,384436.50800000795,1510906.0,0.7841099476954055
2010-02-19 16:00:00,174.6821,500.0,-7.696566175025832
2010-02-19 16:30:00,,,
2010-02-19 17:00:00,,,
2010-02-19 17:30:00,,,
2010-02-19 18:00:00,,,
2010-02-19 18:30:00,,,
2010-02-19 19:00:00,,,
2010-02-19 19:30:00,,,
2010-02-19 20:00:00,,,
2010-02-19 20:30:00,,,
2010-02-19 21:00:00,,,
2010-02-19 21:30:00,,,
2010-02-19 22:00:00,,,
2010-02-19 22:30:00,,,
2010-02-19 23:00:00,,,
2010-02-19 23:30:00,,,
2010-02-20 00:00:00,,,
2010-02-20 00:30:00,,,
2010-02-20 01:00:00,,,
2010-02-20 01:30:00,,,
2010-02-20 02:00:00,,,
2010-02-20 02:30:00,,,
2010-02-20 03:00:00,,,
2010-02-20 03:30:00,,,
2010-02-20 04:00:00,,,
2010-02-20 04:30:00,,,
2010-02-20 05:00:00,,,
2010-02-20 05:30:00,,,
2010-02-20 06:00:00,,,
2010-02-20 06:30:00,,,
2010-02-20 07:00:00,,,
2010-02-20 07:30:00,,,
2010-02-20 08:00:00,,,
2010-02-20 08:30:00,,,
2010-02-20 09:00:00,,,
2010-02-20 09:30:00,,,
2010-02-20 10:00:00,,,
2010-02-20 10:30:00,,,
2010-02-20 11:00:00,,,
2010-02-20 11:30:00,,,
2010-02-20 12:00:00,,,
2010-02-20 12:30:00,,,
2010-02-20 13:00:00,,,
2010-02-20 13:30:00,,,
2010-02-20 14:00:00,,,
2010-02-20 14:30:00,,,
2010-02-20 15:00:00,,,
2010-02-20 15:30:00,,,
2010-02-20 16:00:00,,,
2010-02-20 16:30:00,,,
2010-02-20 17:00:00,,,
2010-02-20 17:30:00,,,
2010-02-20 18:00:00,,,
2010-02-20 18:30:00,,,
2010-02-20 19:00:00,,,
2010-02-20 19:30:00,,,
2010-02-20 20:00:00,,,
2010-02-20 20:30:00,,,
2010-02-20 21:00:00,,,
2010-02-20 21:30:00,,,
2010-02-20 22:00:00,,,
2010-02-20 22:30:00,,,
2010-02-20 23:00:00,,,
2010-02-20 23:30:00,,,
2010-02-21 00:00:00,,,
2010-02-21 00:30:00,,,
2010-02-21 01:00:00,,,
2010-02-21 01:30:00,,,
2010-02-21 02:00:00,,,
2010-02-21 02:30:00,,,
2010-02-21 03:00:00,,,
2010-02-21 03:30:00,,,
2010-02-21 04:00:00,,,
2010-02-21 04:30:00,,,
2010-02-21 05:00:00,,,
2010-02-21 05:30:00,,,
2010-02-21 06:00:00,,,
2010-02-21 06:30:00,,,
2010-02-21 07:00:00,,,
2010-02-21 07:30:00,,,
2010-02-21 08:00:00,,,
2010-02-21 08:30:00,,,
2010-02-21 09:00:00,,,
2010-02-21 09:30:00,,,
2010-02-21 10:00:00,,,
2010-02-21 10:30:00,,,
2010-02-21 11:00:00,,,
2010-02-21 11:30:00,,,
2010-02-21 12:00:00,,,
2010-02-21 12:30:00,,,
2010-02-21 13:00:00,,,
2010-02-21 13:30:00,,,
2010-02-21 14:00:00,,,
2010-02-21 14:30:00,,,
2010-02-21 15:00:00,,,
2010-02-21 15:30:00,,,
2010-02-21 16:00:00,,,
2010-02-21 16:30:00,,,
2010-02-21 17:00:00,,,
2010-02-21 17:30:00,,,
2010-02-21 18:00:00,,,
2010-02-21 18:30:00,,,
2010-02-21 19:00:00,,,
2010-02-21 19:30:00,,,
2010-02-21 20:00:00,,,
2010-02-21 20:30:00,,,
2010-02-21 21:00:00,,,
2010-02-21 21:30:00,,,
2010-02-21 22:00:00,,,
2010-02-21 22:30:00,,,
2010-02-21 23:00:00,,,
2010-02-21 23:30:00,,,
2010-02-22 00:00:00,,,
2010-02-22 00:30:00,,,
2010-02-22 01:00:00,,,
2010-02-22 01:30:00,,,
2010-02-22 02:00:00,,,
2010-02-22 02:30:00,,,
2010-02-22 03:00:00,,,
2010-02-22 03:30:00,,,
2010-02-22 04:00:00,,,
2010-02-22 04:30:00,,,
2010-02-22 05:00:00,,,
2010-02-22 05:30:00,,,
2010-02-22 06:00:00,,,
2010-02-22 06:30:00,,,
2010-02-22 07:00:00,,,
2010-02-22 07:30:00,,,
2010-02-22 08:00:00,,,
2010-02-22 08:30:00,,,
2010-02-22 09:00:00,,,
2010-02-22 09:30:00,287609.8942999985,1068325.0,
2010-02-22 10:00:00,296242.6323999999,858170.0,0.029573794358842224
2010-02-22 10:30:00,279661.676300002,942755.0,-0.057598248945255406
2010-02-22 11:00:00,197354.8099000007,545601.0,-0.34857739941235083
2010-02-22 11:30:00,143723.65870000073,444142.0,-0.3171107551864405
2010-02-22 12:00:00,77397.05839999973,297681.0,-0.6189436443546721
2010-02-22 12:30:00,75214.12239999979,235044.0,-0.028609763509185794
2010-02-22 13:00:00,74415.33850000019,267099.0,-0.010676927971456954
2010-02-22 13:30:00,70151.45339999991,220853.0,-0.05900555843057555
2010-02-22 14:00:00,78834.95630000008,246183.0,0.11669998157268749
2010-02-22 14:30:00,71194.26700000012,242967.0,-0.10194421085384524
2010-02-22 15:00:00,132391.0705000004,429416.0,0.620347902361903
2010-02-22 15:30:00,307819.983699997,1047146.0,0.8437549457237411
2010-02-22 16:00:00,174.12,94000.0,-7.477525705896813
2010-02-22 16:30:00,,,
2010-02-22 17:00:00,,,
2010-02-22 17:30:00,,,
2010-02-22 18:00:00,,,
2010-02-22 18:30:00,,,
2010-02-22 19:00:00,,,
2010-02-22 19:30:00,,,
2010-02-22 20:00:00,,,
2010-02-22 20:30:00,,,
2010-02-22 21:00:00,,,
2010-02-22 21:30:00,,,
2010-02-22 22:00:00,,,
2010-02-22 22:30:00,,,
2010-02-22 23:00:00,,,
2010-02-22 23:30:00,,,
2010-02-23 00:00:00,,,
2010-02-23 00:30:00,,,
2010-02-23 01:00:00,,,
2010-02-23 01:30:00,,,
2010-02-23 02:00:00,,,
2010-02-23 02:30:00,,,
2010-02-23 03:00:00,,,
2010-02-23 03:30:00,,,
2010-02-23 04:00:00,,,
2010-02-23 04:30:00,,,
2010-02-23 05:00:00,,,
2010-02-23 05:30:00,,,
2010-02-23 06:00:00,,,
2010-02-23 06:30:00,,,
2010-02-23 07:00:00,,,
2010-02-23 07:30:00,,,
2010-02-23 08:00:00,,,
2010-02-23 08:30:00,,,
2010-02-23 09:00:00,,,
2010-02-23 09:30:00,225180.08299999873,715100.0,
2010-02-23 10:00:00,418703.7358999976,1307085.0,0.6202631446339869
2010-02-23 10:30:00,392399.3794999951,1267620.0,-0.06488344920756363
2010-02-23 11:00:00,247373.68260000268,759352.0,-0.46138006800472625
2010-02-23 11:30:00,130685.78680000047,452406.0,-0.6381042104220767
2010-02-23 12:00:00,154701.28060000084,1450791.0,0.1687001675335556
2010-02-23 12:30:00,124762.302499999,428880.0,-0.21508568849837134
2010-02-23 13:00:00,145100.42879999962,579516.0,0.15101576808535186
2010-02-23 13:30:00,130873.49840000001,406331.0,-0.10319491950765904
2010-02-23 14:00:00,149042.69560000038,464723.0,0.13000161696810947
2010-02-23 14:30:00,146469.99220000018,451819.0,-0.017412236472541618
2010-02-23 15:00:00,167502.48869999868,516227.0,0.1341776329881936
2010-02-23 15:30:00,325507.62660000083,1141366.0,0.6643876827237019
2010-02-23 16:00:00,226.64,283200.0,-7.269778315248761
2010-02-23 16:30:00,,,
2010-02-23 17:00:00,,,
2010-02-23 17:30:00,,,
2010-02-23 18:00:00,,,
2010-02-23 18:30:00,,,
2010-02-23 19:00:00,,,
2010-02-23 19:30:00,,,
2010-02-23 20:00:00,,,
2010-02-23 20:30:00,,,
2010-02-23 21:00:00,,,
2010-02-23 21:30:00,,,
2010-02-23 22:00:00,,,
2010-02-23 22:30:00,,,
2010-02-23 23:00:00,,,
2010-02-23 23:30:00,,,
2010-02-24 00:00:00,,,
2010-02-24 00:30:00,,,
2010-02-24 01:00:00,,,
2010-02-24 01:30:00,,,
2010-02-24 02:00:00,,,
2010-02-24 02:30:00,,,
2010-02-24 03:00:00,,,
2010-02-24 03:30:00,,,
2010-02-24 04:00:00,,,
2010-02-24 04:30:00,,,
2010-02-24 05:00:00,,,
2010-02-24 05:30:00,,,
2010-02-24 06:00:00,,,
2010-02-24 06:30:00,,,
2010-02-24 07:00:00,,,
2010-02-24 07:30:00,,,
2010-02-24 08:00:00,,,
2010-02-24 08:30:00,,,
2010-02-24 09:00:00,,,
2010-02-24 09:30:00,231756.12300000282,876853.0,
2010-02-24 10:00:00,258172.63779999697,771525.0,0.10794287509884402
2010-02-24 10:30:00,239532.91579999897,781281.0,-0.07493765700959466
2010-02-24 11:00:00,117903.78770000028,369995.0,-0.708821909492606
2010-02-24 11:30:00,70728.09180000004,214036.0,-0.5110261013728133
2010-02-24 12:00:00,60817.815200000034,194238.0,-0.15096007282271479
2010-02-24 12:30:00,59353.75389999996,196766.0,-0.02436738994396396
2010-02-24 13:00:00,88099.08629999982,285092.0,0.3949467924531438
2010-02-24 13:30:00,63436.889499999954,213137.0,-0.3284166161747468
2010-02-24 14:00:00,84223.57630000004,252078.0,0.28342934007306736
2010-02-24 14:30:00,98828.79429999972,317063.0,0.15991411695920485
2010-02-24 15:00:00,91856.1834999996,268074.0,-0.07316487146142929
2010-02-24 15:30:00,218085.2851000006,808736.0,0.8646620712237684
2010-02-24 16:00:00,113.83,2000.0,-7.557935373984101
2010-02-24 16:30:00,,,
2010-02-24 17:00:00,,,
2010-02-24 17:30:00,,,
2010-02-24 18:00:00,,,
2010-02-24 18:30:00,,,
2010-02-24 19:00:00,,,
2010-02-24 19:30:00,,,
2010-02-24 20:00:00,,,
2010-02-24 20:30:00,,,
2010-02-24 21:00:00,,,
2010-02-24 21:30:00,,,
2010-02-24 22:00:00,,,
2010-02-24 22:30:00,,,
2010-02-24 23:00:00,,,
2010-02-24 23:30:00,,,
2010-02-25 00:00:00,,,
2010-02-25 00:30:00,,,
2010-02-25 01:00:00,,,
2010-02-25 01:30:00,,,
2010-02-25 02:00:00,,,
2010-02-25 02:30:00,,,
2010-02-25 03:00:00,,,
2010-02-25 03:30:00,,,
2010-02-25 04:00:00,,,
2010-02-25 04:30:00,,,
2010-02-25 05:00:00,,,
2010-02-25 05:30:00,,,
2010-02-25 06:00:00,,,
2010-02-25 06:30:00,,,
2010-02-25 07:00:00,,,
2010-02-25 07:30:00,,,
2010-02-25 08:00:00,,,
2010-02-25 08:30:00,,,
2010-02-25 09:00:00,,,
2010-02-25 09:30:00,801076.1945999942,2908405.0,
2010-02-25 10:00:00,221379.1104999995,708289.0,-1.2860794029176215
2010-02-25 10:30:00,209066.84499999648,725243.0,-0.05722263060610957
2010-02-25 11:00:00,152073.54120000135,490962.0,-0.3182898058396014
2010-02-25 11:30:00,164529.27919999996,542984.0,0.0787243158994487
2010-02-25 12:00:00,89968.76039999985,309849.0,-0.60362604001687
2010-02-25 12:30:00,87683.95600000033,302521.0,-0.025723562613100128
2010-02-25 13:00:00,75027.89560000028,239118.0,-0.15587895507841723
2010-02-25 13:30:00,183297.22509999922,605292.0,0.8932490304438001
2010-02-25 14:00:00,208425.99620000098,700386.0,0.12847502778179368
2010-02-25 14:30:00,100460.08409999988,299398.0,-0.7298235684715492
2010-02-25 15:00:00,226945.58519999735,712729.0,0.8149498004996999
2010-02-25 15:30:00,370803.6151000112,1292032.0,0.4909623071344692
2010-02-25 16:00:00,340.79,81700.0,-6.992161410285317
2010-02-25 16:30:00,,,
2010-02-25 17:00:00,,,
2010-02-25 17:30:00,,,
2010-02-25 18:00:00,,,
2010-02-25 18:30:00,,,
2010-02-25 19:00:00,,,
2010-02-25 19:30:00,,,
2010-02-25 20:00:00,,,
2010-02-25 20:30:00,,,
2010-02-25 21:00:00,,,
2010-02-25 21:30:00,,,
2010-02-25 22:00:00,,,
2010-02-25 22:30:00,,,
2010-02-25 23:00:00,,,
2010-02-25 23:30:00,,,
2010-02-26 00:00:00,,,
2010-02-26 00:30:00,,,
2010-02-26 01:00:00,,,
2010-02-26 01:30:00,,,
2010-02-26 02:00:00,,,
2010-02-26 02:30:00,,,
2010-02-26 03:00:00,,,
2010-02-26 03:30:00,,,
2010-02-26 04:00:00,,,
2010-02-26 04:30:00,,,
2010-02-26 05:00:00,,,
2010-02-26 05:30:00,,,
2010-02-26 06:00:00,,,
2010-02-26 06:30:00,,,
2010-02-26 07:00:00,,,
2010-02-26 07:30:00,,,
2010-02-26 08:00:00,,,
2010-02-26 08:30:00,,,
2010-02-26 09:00:00,,,
2010-02-26 09:30:00,175017.24390000064,668617.0,
2010-02-26 10:00:00,222330.48459999793,729080.0,0.23928043863132836
2010-02-26 10:30:00,174771.49150000146,567960.0,-0.24068558645664898
2010-02-26 11:00:00,148872.9032000008,449576.0,-0.16038641453784036
2010-02-26 11:30:00,116601.86680000018,377933.0,-0.24432765919755092
2010-02-26 12:00:00,75141.26090000021,204422.0,-0.4393954633987224
2010-02-26 12:30:00,82280.43510000044,236038.0,0.09076353213051323
2010-02-26 13:00:00,76471.75670000023,239538.0,-0.0732118736118612
2010-02-26 13:30:00,80463.7723999998,255816.0,0.05088557163169699
2010-02-26 14:00:00,72162.66420000017,245469.0,-0.10888425502692757
2010-02-26 14:30:00,91568.29900000029,351064.0,0.23816233518976127
2010-02-26 15:00:00,117287.33239999936,370305.0,0.24754162565357454
2010-02-26 15:30:00,274846.68129999854,1060063.0,0.8515866629997674
2010-02-26 16:00:00,855.1732,284595.0,-5.772664677108749
